GMC,Jimmy,1999
Toyota,Tacoma,2000
Jaguar,XK,2009
Chrysler,Sebring,2000
BMW,7 Series,2002
Jeep,Compass,2010
Toyota,T100,1997
Lotus,Esprit,1995
Ford,Crown Victoria,1995
Ford,Escape,2013
Mercedes-Benz,SL-Class,2012
GMC,Sierra 2500,2006
Mercury,Villager,1997
Suzuki,Esteem,1998
Acura,RL,2006
BMW,X5,2012
Mercedes-Benz,M-Class,2011
Honda,Prelude,1993
Cadillac,Escalade,2012
GMC,Rally Wagon G3500,1995
Nissan,Xterra,2000
Saturn,VUE,2003
Toyota,RAV4,1999
Mercedes-Benz,300E,1993
Mercedes-Benz,SLK-Class,1999
Volvo,C70,2009
Jaguar,X-Type,2006
Chevrolet,Corvette,1969
Volvo,S80,2008
Chrysler,Town & Country,2008
Honda,del Sol,1996
Porsche,Panamera,2011
Jaguar,XJ,2007
Chevrolet,Corvette,1970
Chevrolet,Corvette,1989
Lincoln,LS,2000
Lexus,LX,2010
Plymouth,Prowler,1999
Audi,A8,2010
Chevrolet,Express 2500,1997
Honda,Civic,1989
Lotus,Esprit,1992
Ford,Ranger,2004
Mitsubishi,Endeavor,2005
GMC,Envoy,1999
Bentley,Continental Flying Spur,2007
MINI,Cooper,2003
Toyota,Xtra,1993
Cadillac,CTS,2004
Ford,Thunderbird,1984
Ford,F-Series,1993
Toyota,Avalon,2010
Toyota,Sienna,1998
Ford,Taurus,1991
Honda,Civic,2001
Chevrolet,Malibu,2002
Dodge,Ram 1500,2007
Suzuki,X-90,1996
Buick,Park Avenue,2003
Honda,del Sol,1994
Pontiac,GTO,1967
Chevrolet,Equinox,2006
Isuzu,Trooper,1999
Aston Martin,DBS,2010
BMW,Z3,1997
Mitsubishi,Truck,1992
Volkswagen,Jetta III,1995
BMW,M5,2008
Hyundai,Veracruz,2007
Chrysler,Sebring,2002
Mitsubishi,Lancer,2008
Pontiac,Sunfire,1995
Mercury,Grand Marquis,2008
GMC,Suburban 1500,1998
Pontiac,Bonneville,1997
Porsche,Cayman,2010
Ford,Flex,2012
Lotus,Esprit,1991
Mazda,626,2002
Porsche,Boxster,2010
Lexus,CT,2012
Dodge,Caravan,2012
Lincoln,MKZ,2011
Ford,Econoline E250,1993
Lexus,LS,1996
Mercury,Mountaineer,2000
Porsche,Cayenne,2013
Mercury,Mariner,2009
Hyundai,Azera,2011
Toyota,Supra,1994
Hyundai,Santa Fe,2001
Honda,FCX Clarity,2012
Chrysler,New Yorker,1995
Jaguar,XK Series,2001
Chevrolet,Colorado,2008
Nissan,Frontier,1999
Nissan,Titan,2004
Infiniti,M,2004
Jaguar,XF,2011
Toyota,Camry,2010
